horizon_Jtau,branch,s1,s2,shared_shots,worst_intrinsic,gram_condition,max_fit_gap_all_rows,shot_millions
0.03,local,0.085,0.26,3995970.233683415,0.003158318560227874,8566.667654651219,1.476499072462431e-06,3.995970233683415
0.03,long,0.085,0.7,2819374.02522441,0.0041721791613791885,791.2431965951672,3.8099790391141197e-06,2.81937402522441
0.04,local,0.07,0.26,7918111.304421709,0.00374243276817919,11018.84279150257,2.9621518951063186e-07,7.918111304421709
0.04,long,0.07,0.7,5745844.515284045,0.004927016966908065,1156.514705715559,5.5672811999571414e-06,5.745844515284045
0.05,local,0.06,0.22,14329348.106191292,0.003991519309728586,22011.57640211084,1.0497951668884259e-06,14.329348106191292
0.05,long,0.07,0.7,12052853.794256402,0.0061564851841261654,1156.514705715559,5.5672811999571414e-06,12.052853794256402
0.0525,local,0.06,0.2,17322941.466140535,0.0039820164175635945,29006.579513342163,0.00016213259870712787,17.322941466140534
0.0525,long,0.06,0.7,14879431.973067729,0.0060795710845655705,1565.4148672815895,2.1563774866700802e-06,14.879431973067728
0.055,local,0.06,0.2,20162755.457422085,0.0041837069289410575,29006.579513342163,0.00016213259870712787,20.162755457422087
0.055,long,0.06,0.7,18241681.230314553,0.006391497882465296,1565.4148672815895,1.4192909484622707e-06,18.24168123031455
0.0575,local,0.06,0.2,23478721.713906385,0.00439586048767839,29006.579513342163,0.00016213259870712787,23.478721713906385
0.0575,long,0.06,0.7,22800288.892377567,0.006708239915233871,1565.4148672815895,2.239044446990246e-05,22.800288892377566
0.0583,local,0.06,0.2,24661389.050710466,0.004458901176649428,29006.579513342163,0.00016213259870712787,24.661389050710465
0.0583,long,0.06,0.7,24575794.559532106,0.006810563482905154,1565.4148672815895,1.8898360320485086e-05,24.575794559532106
0.0584,local,0.06,0.2,24813702.346415166,0.004467134652900533,29006.579513342163,0.00016213259870712787,24.813702346415166
0.0584,long,0.06,0.7,24815352.216828935,0.006823386034642479,1565.4148672815895,4.1094449200959615e-06,24.815352216828934
0.0585,local,0.06,0.2,24967045.27154853,0.004475629226619994,29006.579513342163,0.00016213259870712787,24.96704527154853
0.0585,long,0.06,0.7,25058227.853821628,0.00683621556439199,1565.4148672815895,9.827675351785359e-06,25.058227853821627
0.059,local,0.06,0.2,25749475.598043866,0.004523154818107322,29006.579513342163,0.00016213259870712787,25.749475598043865
0.059,long,0.05,0.7,26289272.697787154,0.006462528353141905,2241.7362898052884,3.058728130346175e-06,26.289272697787155
0.06,local,0.06,0.2,27393224.37575567,0.004604061962690909,29006.579513342163,0.00016213259870712787,27.393224375755672
0.06,long,0.05,0.7,28689121.715611186,0.006586644236388711,2241.7362898052884,7.896339109352002e-06,28.689121715611186
