gate,g_over_J,Jtc,Jtau,architecture,lags,event_mask,solverB_step,target_operator_norm_difference,max_record_operator_norm_difference,solverA_distance_upper,solverA_distance_lower,solverA_gap,solverB_distance_upper,solverB_distance_lower,solverB_gap,upper_distance_difference,certified_interval_separation,solverA_cut_iterations,solverB_cut_iterations
family_equality,1.5,1.0,0.02918,H2,"(0.1,)",10,0.0005,1.132703000364619e-10,4.420799235532491e-12,0.08218457954157979,0.08218449205835641,8.748322337381875e-08,0.08218458796261648,0.08218449690076285,9.106185362706132e-08,8.421036687411565e-09,0.0,122,108
family_equality,1.5,1.0,0.02918,ERJ,(),10,0.0005,1.132703000364619e-10,0.0,0.01918321907488126,0.019183137593704342,8.148117691675338e-08,0.01918320819438761,0.01918311742213286,9.077225475093154e-08,1.0880493648418588e-08,0.0,106,105
H3_activation,1.5,1.0,0.04109,H2,"(0.08,)",10,0.0005,4.453644908441302e-12,1.0712923084789653e-11,0.1060841485705959,0.10608405103516243,9.753543346591176e-08,0.10608412206046619,0.10608404172458852,8.033587767242167e-08,2.6510129702561613e-08,0.0,111,122
H3_activation,1.5,1.0,0.04109,H2,"(0.08,)",11,0.0005,4.528647905440287e-12,1.0712923084789653e-11,0.09601380631980665,0.0960137187054203,8.76143863431933e-08,0.0960137947521268,0.0960137401652197,5.458690710558045e-08,1.1567679841784084e-08,0.0,113,119
H3_activation,1.5,1.0,0.04109,H3,"(0.08, 0.26)",10,0.0005,4.453644908441302e-12,6.224448257080987e-11,0.07089945866968417,0.07089937341228292,8.525740124998293e-08,0.07089945701554577,0.07089936143839222,9.557715355268392e-08,1.6541383957013878e-09,0.0,152,150
H3_activation,1.5,1.0,0.04109,H3,"(0.08, 0.26)",11,0.0005,4.528647905440287e-12,6.224448257080987e-11,0.059593529216771704,0.05959343757037296,9.164639874076341e-08,0.05959350399117673,0.05959344540966564,5.8581511093447336e-08,2.5225594973976584e-08,0.0,163,175
K2_activation,1.5,1.0,0.07175,ERJ,(),10,0.0005,2.677157615844662e-11,0.0,0.10867600550937477,0.10867592073387519,8.477549957863761e-08,0.1086760225373867,0.10867593141098805,9.112639864916616e-08,1.7028011931041753e-08,0.0,119,124
K2_activation,1.5,1.0,0.07175,ERJ,(),15,0.0005,4.448817156137784e-11,0.0,0.03412167020381217,0.034121592508211264,7.769560090437055e-08,0.034121663650149764,0.03412158559154339,7.805860637727369e-08,6.553662404429339e-09,0.0,145,155
K2_activation,1.5,1.0,0.07175,ERJK2,(),10,0.0005,2.677157615844662e-11,0.0,0.01827506853373977,0.018274982765113378,8.576862639206317e-08,0.01827506552750693,0.018274975662867912,8.986463901836106e-08,3.0062328390534354e-09,0.0,176,168
K2_activation,1.5,1.0,0.07175,ERJK2,(),15,0.0005,4.448817156137784e-11,0.0,0.004135977818594428,0.0041358884220807956,8.939651363268353e-08,0.004136000253376962,0.0041359060819005575,9.417147640421869e-08,2.2434782533456432e-08,0.0,201,194
