point,source,U_scale,Lambda_scale,Tau_scale,max_abs_event_error,worst_state,worst_tau,worst_event,worst_exact,worst_pred,max_unitarity_defect
0,sobol,0.9195900486782194,1.014191535115242,0.9606782825663686,0.0007363949462588781,tube_3,0.125,29,0.9629425880542658,0.9622061931080069,9.022065018363375e-15
1,sobol,1.0035436008125544,0.9522892182692886,1.0353013452142477,0.0010367004819894499,tube_3,0.15,29,0.9546381305977476,0.9536014301157582,1.4433873019329318e-14
2,sobol,1.0521206250414252,1.079370586015284,0.9431388214230537,0.0005403149079835634,tube_2,0.125,29,0.9702562091656762,0.9697158942576927,1.1873633164794026e-14
3,sobol,0.974354699254036,0.9416879486292601,1.0685157610103488,0.0010260151339981372,tube_2,0.15,29,0.9526781576185783,0.9516521424845802,8.003787510291185e-15
4,sobol,0.9891486644744873,1.0654699351638555,1.02020106613636,0.0005676622545079946,tube_2,0.125,29,0.9686897227584776,0.9681220605039697,8.129653236244636e-15
5,sobol,1.0871286710724235,0.9023722881451249,0.9948241291567683,0.0012599941957450733,tube_2,0.15,29,0.9457601734905916,0.9445001792948465,9.214085030893446e-15
6,sobol,1.032597667351365,1.0285137077793478,1.0775628285482526,0.0006901271244176277,canonical,0.125,29,0.966661996787539,0.9659718696631213,1.090973583821278e-14
7,sobol,0.9407347219064832,0.991196332871914,0.9029397677630187,0.0009395313103652825,tube_1,0.15,29,0.9605351347282,0.9595956034178347,6.5942863196558176e-15
8,sobol,0.9311337672173977,1.0920723671093584,1.0931203370913862,0.0005157544064853248,tube_3,0.125,29,0.9719070724044956,0.9713913179980103,1.2072814067072001e-14
9,sobol,1.0455185784026981,0.9289983298629523,0.9185215972363949,0.0010847170526404604,canonical,0.15,29,0.9523304754921964,0.9512457584395559,9.072254699227084e-15
10,sobol,1.0972543623298407,1.0018803939223289,1.0106845129281283,0.0008429345557606771,tube_1,0.125,29,0.9608332316049173,0.9599902970491566,7.77334350240328e-15
11,sobol,0.9764835545793176,0.9645882030948997,0.9852832535281778,0.0009420694649349137,tube_2,0.15,29,0.957373461992502,0.956431392527567,9.859669288931925e-15
12,sobol,0.9600298145785928,1.0408118909224868,0.9275447729974985,0.0006846463310109518,tube_3,0.1325,29,0.9665455571689414,0.9658609108379305,8.585360923651588e-15
13,sobol,1.063516229018569,0.978885892033577,1.052946033515036,0.00092297257830809,tube_2,0.125,29,0.9568227769013471,0.955899804323039,1.052287313914182e-14
14,sobol,1.0183203620836139,1.0527811359614134,0.9702069630846382,0.0006655249552844911,tube_2,0.125,29,0.9669138143122501,0.9662482893569656,6.0182680841873204e-15
15,sobol,0.9085246317088604,0.9150733390823007,1.0448057033121585,0.0010870664365817406,canonical,0.15,29,0.9508767011281398,0.9497896346915581,7.082455541609835e-15
16,sobol,0.9057150706648827,1.058989560417831,0.92001594863832,0.000571497479589067,canonical,0.125,29,0.9705840304721804,0.9700125329925914,8.431716823463633e-15
17,sobol,1.020931533537805,0.9213069342076778,1.0946116359904408,0.0012041971170873023,tube_2,0.15,29,0.9484417478175885,0.9472375507005012,7.648854786561599e-15
18,sobol,1.072622876241803,1.0470332849770785,0.9773510767146946,0.0007083968144881991,tube_3,0.1275,29,0.9672355665009559,0.9665271696864677,8.535620810987681e-15
19,sobol,0.9511215062811971,0.9851309316232801,1.0027553871273995,0.0008357287065802188,canonical,0.15,29,0.9615070695706378,0.9606713408640576,9.370485999657049e-15
20,sobol,0.9846673788502813,1.0081261934712529,1.0608844814822078,0.000782787693513809,tube_3,0.125,29,0.9612979057556676,0.9605151180621538,1.425832505932792e-14
21,sobol,1.0888843555003405,0.970808831229806,0.9354801684617996,0.0009712800979750913,tube_3,0.15,29,0.9573025132106998,0.9563312331127247,1.048891169902468e-14
22,sobol,1.0437329297885298,1.09830519631505,1.0433169078081845,0.0004522992249065272,canonical,0.125,29,0.973933796968874,0.9734814977439675,1.0446677954531346e-14
23,sobol,0.9331055477261544,0.9352075142785907,0.9687212185934186,0.001024734186432008,canonical,0.15,29,0.9541081247257748,0.9530833905393428,1.0464056932263291e-14
24,sobol,0.9450015449896455,1.0347221288830042,1.0273572944104672,0.0006636137391526908,tube_3,0.125,29,0.9660056783810984,0.9653420646419457,1.1604804651977785e-14
25,sobol,1.0281264018267393,0.997429925389588,0.9527372842654586,0.0008141307197769843,tube_2,0.15,29,0.9595173198685764,0.9587031891487994,6.983675761725026e-15
26,sobol,1.0767570225521923,1.071691326610744,1.0699974754825234,0.0006254198826333157,tube_3,0.1325,29,0.9682809040455279,0.9676554841628946,1.0434477053041134e-14
27,sobol,0.9997248061001301,0.9086173243820668,0.944617484882474,0.0011510262005856031,tube_3,0.17500000000000002,29,0.9476362892494932,0.9464852630489076,1.0964891662798118e-14
28,sobol,0.9645183958113194,1.0856163881719112,0.9933227920904756,0.0004951349564142893,tube_3,0.125,29,0.9718258235029043,0.97133068854649,9.364905415216856e-15
29,sobol,1.0617646930739284,0.9479085801169277,1.018702781572938,0.0010156161523098284,tube_3,0.15,29,0.9528017911522443,0.9517861749999345,1.0132961355509375e-14
30,sobol,1.007180092856288,1.020424367673695,0.9108664371073246,0.0007568314716959179,tube_3,0.125,29,0.964705905184371,0.9639490737126751,8.608839083317337e-15
31,sobol,0.9161458427086473,0.9584984052926302,1.0854864468798042,0.0009551776269709489,tube_3,0.15,29,0.9559585060596212,0.9550033284326502,7.195941279376933e-15
32,sobol,0.9155688418075443,1.0763399029150604,1.0065587459132075,0.0005273276649255809,tube_2,0.125,29,0.9708781778955732,0.9703508502306476,8.531906700560494e-15
33,sobol,1.011303611844778,0.9386334296315909,0.9819387346506119,0.0010347462699166199,canonical,0.15,29,0.9541731056414633,0.9531383593715467,7.87660809911402e-15
34,sobol,1.0564704844728112,1.0172039046883583,1.089824278280139,0.0008143297000644534,tube_2,0.14,29,0.9634731992549862,0.9626588695549217,1.3369991602849918e-14
35,sobol,0.9670480873435736,0.9552766075357795,0.9144442873075604,0.0009601167086140672,canonical,0.15,29,0.9570653760190492,0.9561052593104351,1.0389305864262153e-14
36,sobol,0.9944423850625754,1.0252455627545713,0.971940141543746,0.0007057981776190658,tube_1,0.125,29,0.9647899494053768,0.9640841512277577,1.517499146292891e-14
37,sobol,1.0792741755023598,0.9879520237445831,1.0473201306536795,0.0010408960448711202,tube_2,0.14,29,0.9590391952576632,0.9579982992127921,1.340184496746644e-14
38,sobol,1.0275612823665141,1.0686587374657393,0.9301084233447909,0.0005874648565831198,tube_3,0.125,25,0.9660111012738767,0.9654236364172936,1.0226251377066184e-14
39,sobol,0.9491124315187335,0.905586070753634,1.0547284319996835,0.0011780357892008375,tube_2,0.15,25,0.9424195653002347,0.9412415295110339,8.282321971813185e-15
40,sobol,0.9352758977562189,1.0049042046070098,0.9398423219099641,0.0007972274753466069,tube_1,0.14,29,0.9626439679210653,0.9618467404457187,1.187589267505565e-14
41,sobol,1.0380778597667812,0.9675885593518615,1.064438009634614,0.0010345182633830774,tube_1,0.15,29,0.9559212430735491,0.954886724810166,1.1321285240495747e-14
42,sobol,1.0925859719514848,1.0890302369371057,0.9565528608858586,0.0006366256859157149,tube_1,0.125,29,0.9698908364434834,0.9692542107575677,8.607662885497862e-15
43,sobol,0.9836700072512031,0.9259308379143477,1.0319571724161505,0.0010714770287585385,canonical,0.15,29,0.9522427843902391,0.9511713073614806,8.55651378798872e-15
44,sobol,0.9548104843124747,1.0559584971517324,1.0801268957555294,0.0005840118095699065,canonical,0.125,29,0.9700865491201771,0.9695025373106072,1.0592839431366497e-14
45,sobol,1.0716373682022096,0.9182741547003389,0.9047225838527083,0.001134441077684678,canonical,0.15,29,0.9502900457809089,0.9491556047032242,1.0413621155012707e-14
46,sobol,1.0230893390253186,1.0375551929697395,1.0219339231029152,0.0007031498757584798,tube_2,0.1275,29,0.965800918950115,0.9650977690743565,9.695530907523058e-15
47,sobol,0.900071770325303,0.9756545558571816,0.9973382342606784,0.0009078362966273845,tube_3,0.15,29,0.9597617935316385,0.9588539572350111,8.610358882347368e-15
48,sobol,0.9106885384768247,1.0438383761793375,1.0721220880746842,0.0006195877531840477,tube_3,0.125,29,0.9676500771433998,0.9670304893902157,1.4060949146611863e-14
49,sobol,1.0126587534323335,0.9819110425189138,0.9475233493372798,0.00089985679153326,tube_1,0.15,29,0.9586507720501647,0.9577509152586314,9.146973748097614e-15
50,sobol,1.0672235138714314,1.0622515989467503,1.030310853011906,0.0005969890007286871,tube_2,0.125,29,0.9690466792619885,0.9684496902612598,8.657111563003462e-15
51,sobol,0.9590382067486644,0.9245451368391514,0.9549095939844847,0.001073191169562504,canonical,0.15,29,0.9521535126752555,0.951080321505693,1.22745518501277e-14
52,sobol,0.9801790712401272,1.0952989332377912,0.9063492329791188,0.0005309264234868438,tube_2,0.125,29,0.9705378530086801,0.9700069265851933,9.160146253430277e-15
53,sobol,1.096275297552347,0.932226231507957,1.0817504938691855,0.0011289210023734952,tube_3,0.15,29,0.951023149555988,0.9498942285536145,9.346525217501731e-15
54,sobol,1.0476706201210617,1.0111629830673337,0.9896368220448495,0.0008368399453438924,tube_2,0.15,29,0.9617456109328697,0.9609087709875258,9.024112048102446e-15
55,sobol,0.9254847984761,0.9738694567233325,1.014235563389957,0.0009016446769520847,tube_1,0.15,29,0.9556733824649293,0.9547717377879772,9.551284808159318e-15
56,sobol,0.9401512896642089,1.0749419240280986,0.9803049568086863,0.0005926891394703038,tube_1,0.125,29,0.9703941541926482,0.9698014650531779,8.252066505281935e-15
57,sobol,1.0367146596312522,0.9118425600230694,1.0049280190840364,0.0011854778909258235,tube_3,0.15,29,0.9472029332996609,0.946017455408735,1.0638860291668604e-14
58,sobol,1.0818401427939535,1.0315386671572924,0.9221401443704963,0.0007143018416665425,tube_1,0.125,29,0.9644850234557418,0.9637707216140753,9.869296043484831e-15
59,sobol,0.9916841316968203,0.994223009236157,1.0975170828402043,0.0008566680424366702,tube_3,0.15,29,0.9598344785284401,0.9589778104860034,1.016947764775338e-14
60,sobol,0.9690788049250841,1.0234725983813404,1.0396305924281477,0.0007066832408690882,tube_1,0.125,29,0.9651427970853412,0.9644361138444721,9.81529945156746e-15
61,sobol,1.0546442093327641,0.9615719977766276,0.9642536543309689,0.0009954807798920884,tube_3,0.15,29,0.9554349250179561,0.954439444238064,1.0142635997722734e-14
62,sobol,1.0029727056622506,1.082598678022623,1.0563677180558444,0.0005184165136830066,tube_1,0.125,29,0.9694641952305993,0.9689457787169163,9.042045621219881e-15
63,sobol,0.9236952548846603,0.9449143243953586,0.9317446568980813,0.001014912605106777,tube_2,0.15,25,0.9508214370547262,0.9498065244496194,1.0824146614056987e-14
64,stress,0.905,0.905,0.905,0.001184605036210984,tube_2,0.15,29,0.9478006981676309,0.9466160931314199,1.0469403622611513e-14
65,stress,0.905,0.905,1.095,0.0011419055982700987,tube_3,0.15,29,0.9464459839466082,0.9453040783483381,8.270567195827235e-15
66,stress,0.905,1.095,0.905,0.0005004207285455031,tube_3,0.125,29,0.97215479054549,0.9716543698169445,8.240705671528796e-15
67,stress,0.905,1.095,1.095,0.00048515456670827906,tube_1,0.125,29,0.971608541573284,0.9711233870065757,9.281365688335077e-15
68,stress,1.095,0.905,0.905,0.0012767941155933382,tube_2,0.15,29,0.9452548856217599,0.9439780915061665,9.254359574091015e-15
69,stress,1.095,0.905,1.095,0.0012779008794379099,tube_3,0.15,29,0.9462640578287997,0.9449861569493618,1.3171925214066098e-14
70,stress,1.095,1.095,0.905,0.0004735353690795696,canonical,0.125,29,0.9734218897910502,0.9729483544219706,1.0092344080406969e-14
71,stress,1.095,1.095,1.095,0.0005457928200582884,tube_2,0.125,29,0.9715324416673663,0.970986648847308,1.1394262827578849e-14
